n,x_n,y_n
0,0,0
1,1,0
2,-0.4,0.3
3,1.076,-0.12
4,-0.7408864,0.3228
5,0.55432228,-0.22226592
6,0.34755162,0.16629668
7,0.99718771,0.10426548
8,-0.28787117,0.29915631
9,1.1831386,-0.086361352
10,-1.046105,0.35494157
11,-0.17712836,-0.3138315
12,0.64224426,-0.053138508
13,0.36939272,0.19267328
14,1.0016419,0.11081782
15,-0.29378328,0.30049257
16,1.1796605,-0.088134983
17,-1.0363735,0.35389815
18,-0.1497998,-0.31091204
19,0.65767199,-0.04493994
20,0.34951464,0.1973016
21,1.0262769,0.10485439
22,-0.36968765,0.30788308
23,1.1165465,-0.11090629
24,-0.85625293,0.33496396
25,0.30852724,-0.25687588
26,0.60985944,0.092558173
27,0.57185823,0.18295783
28,0.72512726,0.17155747
29,0.4354241,0.21753818
30,0.95210637,0.13062723
31,-0.13848192,0.28563191
32,1.2587838,-0.041544576
33,-1.2598958,0.37763513
34,-0.84463724,-0.37796874
35,-0.37674564,-0.25339117
36,0.54789664,-0.11302369
37,0.46670929,0.16436899
38,0.85942441,0.14001279
39,0.10595834,0.25782732
40,1.2421093,0.031787501
41,-1.1281822,0.37263279
42,-0.40928023,-0.33845465
43,0.42703091,-0.12278407
44,0.62191837,0.12810927
45,0.58661384,0.18657551
46,0.7048134,0.17598415
47,0.48051745,0.21144402
48,0.88818819,0.14415524
49,0.039725674,0.26645646
50,1.2642471,0.011917702
51,-1.2257312,0.37927412
52,-0.72410976,-0.36771937
53,-0.10178829,-0.21723293
54,0.76826187,-0.030536487
55,0.14314668,0.23047856
56,1.2017912,0.042944005
57,-0.97907892,0.36053736
58,0.018503615,-0.29372368
59,0.70579699,0.0055510846
60,0.30814194,0.2117391
61,1.0788071,0.092442583
62,-0.53691195,0.32364212
63,0.92005791,-0.16107358
64,-0.34618275,0.27601737
65,1.1082379,-0.10385483
66,-0.82332249,0.33247136
67,0.38346748,-0.24699675
68,0.54713703,0.11504024
69,0.69593775,0.16414111
70,0.48608002,0.20878132
71,0.87799802,0.14582401
72,0.066591274,0.26339941
73,1.2571912,0.019977382
74,-1.1927644,0.37715737
75,-0.61460427,-0.35782932
76,0.11333691,-0.18438128
77,0.79763536,0.034001074
78,0.14329004,0.23929061
79,1.2105458,0.042987011
80,-1.0086024,0.36316373
81,-0.061026703,-0.30258073
82,0.69220531,-0.018308011
83,0.31088453,0.20766159
84,1.0723527,0.093265358
85,-0.51665116,0.32170582
86,0.94800603,-0.15499535
87,-0.41319695,0.28440181
88,1.0453774,-0.12395909
89,-0.65389855,0.31361322
90,0.71499658,-0.19616956
91,0.088122275,0.21449898
92,1.2036272,0.026436682
93,-1.0017692,0.36108817
94,-0.043870017,-0.30053076
95,0.69677483,-0.013161005
96,0.30714577,0.20903245
97,1.0769585,0.092143732
98,-0.53163175,0.32308755
99,0.9274023,-0.15948953
100,-0.36359457,0.27822069
101,1.0931393,-0.10907837
102,-0.78201324,0.32794178
103,0.47177919,-0.23460397
104,0.45379019,0.14153376
105,0.85323801,0.13613706
106,0.11691592,0.2559714
107,1.2368343,0.035074775
108,-1.1065881,0.3710503
109,-0.34330174,-0.33197642
110,0.50302506,-0.10299052
111,0.54276158,0.15090752
112,0.73848133,0.16282847
113,0.39933193,0.2215444
114,0.99829201,0.11979958
115,-0.27542212,0.2994876
116,1.1932873,-0.082626636
117,-1.0761351,0.3579862
118,-0.26330729,-0.32284053
119,0.58009644,-0.078992188
120,0.44989118,0.17402893
121,0.89066603,0.13496735
122,0.024366974,0.26719981
123,1.2663686,0.0073100923
124,-1.237855,0.37991057
125,-0.76528834,-0.37135649
126,-0.19128923,-0.2295865
127,0.7191853,-0.05738677
128,0.21849474,0.21575559
129,1.1489197,0.065548422
130,-0.78247451,0.3446759
131,0.48750299,-0.23474235
132,0.43253481,0.1462509
133,0.88432999,0.12976044
134,0.034905109,0.265299
135,1.2635933,0.010471533
136,-1.2248636,0.37907798
137,-0.72132934,-0.36745909
138,-0.095901527,-0.2163988
139,0.77072525,-0.028770458
140,0.13960516,0.23121758
141,1.2039321,0.041881548
142,-0.98735207,0.36117964
143,-0.0036301134,-0.29620562
144,0.70377593,-0.001089034
145,0.30549018,0.21113278
146,1.0804788,0.091647055
147,-0.54276124,0.32414365
148,0.91171798,-0.16282837
149,-0.32654991,0.27351539
150,1.1242266,-0.097964974
151,-0.86740463,0.33726798
152,0.28392088,-0.26022139
153,0.62692312,0.085176264
154,0.53493063,0.18807694
155,0.78746585,0.16047919
156,0.29233574,0.23623975
157,1.1165955,0.087700721
158,-0.65779899,0.33497865
159,0.72919934,-0.1973397
160,0.058235963,0.2187598
161,1.2140118,0.017470789
162,-1.0458837,0.36420354
163,-0.16721835,-0.31376512
164,0.64708811,-0.050165504
165,0.36362226,0.19412643
166,1.0090168,0.10908668
167,-0.31627428,0.30270505
168,1.1626639,-0.094882283
169,-0.98738445,0.34879916
170,-0.016100118,-0.29621534
171,0.70342177,-0.0048300353
172,0.30244691,0.21102653
173,1.0829627,0.090734074
174,-0.55119754,0.32488882
175,0.8995426,-0.16535926
176,-0.29820691,0.26986278
177,1.1453645,-0.089462072
178,-0.92606577,0.34360934
179,0.14297241,-0.27781973
180,0.69356272,0.042891723
181,0.36945079,0.20806881
182,1.0169774,0.11083524
183,-0.33710495,0.30509321
184,1.1459976,-0.10113148
185,-0.93976609,0.34379927
186,0.10737485,-0.28192983
187,0.70192907,0.032212455
188,0.34242627,0.21057872
189,1.0464207,0.10272788
190,-0.43026684,0.3139262
191,1.0547448,-0.12908005
192,-0.68656136,0.31642345
193,0.65651035,-0.20596841
194,0.19062342,0.1969531
195,1.1460809,0.057187026
196,-0.78171497,0.34382427
197,0.48831465,-0.23451449
198,0.43165383,0.14649439
199,0.88563935,0.12949615
200,0.031396274,0.2656918
201,1.2643118,0.0094188822
202,-1.2284591,0.37929354
203,-0.73346304,-0.36853774
204,-0.12169299,-0.22003891
205,0.75922823,-0.036507898
206,0.1564936,0.22776847
207,1.1934821,0.04694808
208,-0.94721133,0.35804464
209,0.10195161,-0.2841634
210,0.70128482,0.030585484
211,0.34206493,0.21038545
212,1.0465737,0.10261948
213,-0.43082352,0.3139721
214,1.0541196,-0.12924706
215,-0.68488252,0.31623589
216,0.65954619,-0.20546476
217,0.18553359,0.19786386
218,1.1496721,0.055660078
219,-0.7947841,0.34490162
220,0.46054715,-0.23843523
221,0.46461962,0.13816414
222,0.83594419,0.13938589
223,0.16106212,0.25078326
224,1.2144658,0.048318636
225,-1.0165796,0.36433975
226,-0.082467903,-0.30497387
227,0.68550479,-0.024740371
228,0.31737609,0.20565144
229,1.0646328,0.095212826
230,-0.49160744,0.31938985
231,0.98104082,-0.14748223
232,-0.49489975,0.29431225
233,0.95141618,-0.14846993
234,-0.41573976,0.28542485
235,1.0434495,-0.12472193
236,-0.64902349,0.31303485
237,0.72331077,-0.19470705
238,0.072843105,0.21699323
239,1.2095647,0.021852932
240,-1.0264124,0.3628694
241,-0.11206203,-0.30792373
242,0.67449522,-0.033618609
243,0.32946007,0.20234857
244,1.050387,0.098838022
245,-0.44580011,0.31511611
246,1.0368833,-0.13374003
247,-0.63891775,0.31106498
248,0.73956273,-0.19167533
249,0.042590423,0.22186882
250,1.2193293,0.012777127
251,-1.0686924,0.36579879
252,-0.23314599,-0.32060772
253,0.60329241,-0.069943798
254,0.42050978,0.18098772
255,0.93342786,0.12615293
256,-0.093649663,0.28002836
257,1.26775,-0.028094899
258,-1.278161,0.380325
259,-0.90684865,-0.38344829
260,-0.53477254,-0.27205459
261,0.32757107,-0.16043176
262,0.68934431,0.09827132
263,0.43299751,0.20680329
264,0.94432172,0.12989925
265,-0.11854165,0.28329651
266,1.2636235,-0.035562495
267,-1.2710047,0.37908706
268,-0.88254719,-0.38130142
269,-0.47174678,-0.26476416
270,0.42367281,-0.14152403
271,0.60717785,0.12710184
272,0.61097092,0.18215336
273,0.65955371,0.18329128
274,0.57427574,0.19786611
275,0.73615643,0.17228272
276,0.41358591,0.22084693
277,0.9813723,0.12407577
278,-0.22425245,0.29441169
279,1.2240069,-0.067275736
280,-1.1647457,0.36720206
281,-0.53208336,-0.3494237
282,0.25421852,-0.15962501
283,0.74989711,0.076265556
284,0.2889816,0.22496913
285,1.1080546,0.086694481
286,-0.63220458,0.33241639
287,0.7728607,-0.18966137
288,-0.02590051,0.23185821
289,1.230919,-0.0077701529
290,-1.1289965,0.36927571
291,-0.41521066,-0.33869895
292,0.4199412,-0.1245632
293,0.62854595,0.12598236
294,0.57288435,0.18856378
295,0.72908871,0.17186531
296,0.42766682,0.21872661
297,0.96266814,0.12830005
298,-0.16912188,0.28880044
299,1.2487573,-0.050736563
300,-1.2338894,0.3746272
301,-0.75684923,-0.37016683
302,-0.17211588,-0.22705477
303,0.7314718,-0.051634765
304,0.19929384,0.21944154
305,1.1638363,0.059788151
306,-0.83653274,0.34915089
307,0.36944905,-0.25095982
308,0.55795053,0.11083472
309,0.6750024,0.16738516
310,0.52950562,0.20250072
311,0.80997403,0.15885169
312,0.24037058,0.24299221
313,1.162103,0.072111174
314,-0.81856552,0.3486309
315,0.41056158,-0.24556966
316,0.51844521,0.12316847
317,0.74686887,0.15553356
318,0.37459521,0.22406066
319,1.0276105,0.11237856
320,-0.365998,0.30828314
321,1.1207468,-0.1097994
322,-0.8683021,0.33622404
323,0.28069609,-0.26049063
324,0.62920296,0.084208827
325,0.52995392,0.18876089
326,0.79556927,0.15898618
327,0.27288354,0.23867078
328,1.1344192,0.081865061
329,-0.71980458,0.34032576
330,0.61495967,-0.21594137
331,0.25461307,0.1844879
332,1.093729,0.07638392
333,-0.59835634,0.32811869
334,0.82687626,-0.1795069
335,-0.13672099,0.24806288
336,1.2218932,-0.041016296
337,-1.1312485,0.36656796
338,-0.42504441,-0.33937454
339,0.40769761,-0.12751332
340,0.6397824,0.12230928
341,0.54925915,0.19193472
342,0.76957486,0.16477775
343,0.3356341,0.23087246
344,1.0731621,0.10069023
345,-0.51165743,0.32194863
346,0.95543798,-0.15349723
347,-0.43150365,0.28663139
348,1.0259578,-0.12945109
349,-0.60307637,0.30778735
350,0.79860581,-0.18092291
351,-0.073802636,0.23958174
352,1.2319562,-0.022140791
353,-1.1469432,0.36958685
354,-0.47208345,-0.34408297
355,0.34390914,-0.14162503
356,0.69279207,0.10317274
357,0.43122754,0.20783762
358,0.94749755,0.12936826
359,-0.12748399,0.28424927
360,1.2614962,-0.038245197
361,-1.266167,0.37844887
362,-0.86600167,-0.37985011
363,-0.42979256,-0.2598005
364,0.4815892,-0.12893777
365,0.54636281,0.14447676
366,0.72655951,0.16390884
367,0.42486463,0.21796785
368,0.96525391,0.12745939
369,-0.17694177,0.28957617
370,1.2457444,-0.053082531
371,-1.2257134,0.37372333
372,-0.72959929,-0.36771401
373,-0.11295518,-0.21887979
374,0.76325779,-0.033886555
375,0.15052601,0.22897734
376,1.197256,0.045157803
377,-0.96163299,0.35917681
378,0.064543607,-0.2884899
379,0.70567788,0.019363082
380,0.32218931,0.21170336
381,1.066375,0.096656794
382,-0.49536119,0.31991251
383,0.97637672,-0.14860836
384,-0.48324445,0.29291301
385,0.96597774,-0.14497333
386,-0.45133153,0.28979332
387,1.0046131,-0.13539946
388,-0.54834596,0.30138393
389,0.88042733,-0.16450379
390,-0.24971699,0.2641282
391,1.1768262,-0.074915096
392,-1.013803,0.35304786
393,-0.085867141,-0.30414089
394,0.68553668,-0.025760142
395,0.3162951,0.205661
396,1.0656014,0.09488853
397,-0.49482029,0.31968041
398,0.97689445,-0.14844609
399,-0.48449795,0.29306833
400,0.96443476,-0.14534939
401,-0.44753756,0.28933043
402,1.0089246,-0.13426127
403,-0.55936171,0.30267739
404,0.86463766,-0.16780851
405,-0.2144461,0.2593913
406,1.1950093,-0.06433383
407,-1.0636,0.35850279
408,-0.22524015,-0.31908
409,0.60989363,-0.067572045
410,0.41166963,0.18296809
411,0.94570745,0.12350089
412,-0.12860673,0.28371224
413,1.2605567,-0.038582019
414,-1.2631864,0.378167
415,-0.85572875,-0.37895591
416,-0.40413629,-0.25671863
417,0.51462477,-0.12124089
418,0.50798499,0.15438743
419,0.79311918,0.1523955
420,0.27174225,0.23793575
421,1.1345544,0.081522674
422,-0.72057638,0.34036631
423,0.61344386,-0.21617291
424,0.25698837,0.18403316
425,1.0915729,0.07709651
426,-0.59104753,0.32747188
427,0.83839982,-0.17731426
428,-0.16139421,0.25151994
429,1.2150526,-0.048418264
430,-1.1153123,0.36451578
431,-0.37697425,-0.33459368
432,0.4664529,-0.11309228
433,0.5822981,0.13993587
434,0.66523636,0.17468943
435,0.55513424,0.19957091
436,0.76812727,0.16654027
437,0.34051297,0.23043818
438,1.0681095,0.10215389
439,-0.49504707,0.32043284
440,0.9773326,-0.14851412
441,-0.48576474,0.29319978
442,0.96284544,-0.14572942
443,-0.4436293,0.28885363
444,1.0133239,-0.13308879
445,-0.57064422,0.30399717
446,0.84810841,-0.17119327
447,-0.17819628,0.25443252
448,1.209977,-0.053458884
449,-1.1031211,0.36299311
450,-0.34063352,-0.33093633
451,0.50662,-0.10219005
452,0.53848059,0.151986
453,0.74604012,0.16154418
454,0.38233798,0.22381203
455,1.0191568,0.11470139
456,-0.33945134,0.30574703
457,1.1444289,-0.1018354
458,-0.93544002,0.34332868
459,0.11826144,-0.28063201
460,0.69978792,0.035478432
461,0.34989405,0.20993638
462,1.0385402,0.10496821
463,-0.40502381,0.31156206
464,1.0819001,-0.12150714
465,-0.76021798,0.32457002
466,0.5154661,-0.22806539
467,0.39994719,0.15463983
468,0.93069897,0.11998416
469,-0.092696652,0.27920969
470,1.26718,-0.027808996
471,-1.275852,0.38015399
472,-0.89876384,-0.38275561
473,-0.51364264,-0.26962915
474,0.36101058,-0.15409279
475,0.66344711,0.10830317
476,0.49207628,0.19903413
477,0.86003944,0.14762288
478,0.1120879,0.25801183
479,1.2404227,0.03362637
480,-1.1204813,0.3721268
481,-0.38554303,-0.3361444
482,0.45575479,-0.11566291
483,0.59353968,0.13672644
484,0.64352134,0.17806191
485,0.59829431,0.1930564
486,0.69191789,0.17948829
487,0.50923778,0.20757537
488,0.84452301,0.15277133
489,0.15426458,0.2533569
490,1.2200403,0.046279375
491,-1.0376183,0.36601209
492,-0.14130047,-0.3112855
493,0.66076235,-0.04239014
494,0.34636023,0.1982287
495,1.0302771,0.10390807
496,-0.38215128,0.30908314
497,1.1046277,-0.11464538
498,-0.82292867,0.33138831
499,0.38329208,-0.2468786
500,0.54744345,0.11498762
